"ユーザーID","ユーザー名","日付","出社時刻","退社時刻","外出時刻","復帰時刻","備考"
"265","佐藤 和俊","2025/10/1","","","","",""
"265","佐藤 和俊","2025/10/2","","","","",""
"265","佐藤 和俊","2025/10/3","","","","",""
"265","佐藤 和俊","2025/10/4","","","","",""
"265","佐藤 和俊","2025/10/5","","","","",""
"265","佐藤 和俊","2025/10/6","8:44","18:00","","",""
"265","佐藤 和俊","2025/10/7","13:32","19:10","","",""
"265","佐藤 和俊","2025/10/8","8:00","17:00","","",""
"265","佐藤 和俊","2025/10/9","9:56","18:35","","",""
"265","佐藤 和俊","2025/10/10","9:54","15:33","","",""
"265","佐藤 和俊","2025/10/11","","","","",""
"265","佐藤 和俊","2025/10/12","","","","",""
"265","佐藤 和俊","2025/10/13","","","","",""
"265","佐藤 和俊","2025/10/14","9:54","19:13","","",""
"265","佐藤 和俊","2025/10/15","9:53","18:12","","",""
"265","佐藤 和俊","2025/10/16","9:53","18:55","","",""
"265","佐藤 和俊","2025/10/17","9:51","18:00","","",""
"265","佐藤 和俊","2025/10/18","","","","",""
"265","佐藤 和俊","2025/10/19","","","","",""
"265","佐藤 和俊","2025/10/20","9:44","20:59","","",""
"265","佐藤 和俊","2025/10/21","10:00","19:25","","",""
"265","佐藤 和俊","2025/10/22","8:48","21:00","","",""
"265","佐藤 和俊","2025/10/23","9:53","18:06","","",""
"265","佐藤 和俊","2025/10/24","9:15","18:14","","",""
"265","佐藤 和俊","2025/10/25","","","","",""
"265","佐藤 和俊","2025/10/26","","","","",""
"265","佐藤 和俊","2025/10/27","9:51","18:29","","",""
"265","佐藤 和俊","2025/10/28","9:56","17:00","","",""
"265","佐藤 和俊","2025/10/29","9:43","17:00","","",""
"265","佐藤 和俊","2025/10/30","9:52","19:14","","",""
"265","佐藤 和俊","2025/10/31","10:00","15:17","","",""
